{"cameraMode":{"drawMode":0,"name":"Shaded","section":"Shading Mode"},"sceneLighting":false,"audioPlay":false,"sceneViewState":{"showFog":true,"showMaterialUpdate":false,"showSkybox":true,"showFlares":true,"showImageEffects":true,"showParticleSystems":true},"in2DMode":false,"pivot":{"x":-22.665386199951173,"y":-8.526405334472657,"z":62.866783142089847},"rotation":{"x":0.020601894706487657,"y":0.977525532245636,"z":-0.11187396943569184,"w":0.17749272286891938},"size":35.197696685791019,"orthographic":false}